Keyword,Symbol,Comment
|,â€–,
aleph,â„µ,
alpha,Î±,
Alpha,Î‘,
approx,â‰ˆ,
B,ğ”¹,
bagmember,â‹¿,
because,âˆµ,
beta,Î²,
Beta,Î’,
beth,â„¶,
bot,âŠ¥,
bowtie,â‹ˆ,
bumpeq,â‰,
C,â„‚,
cap,âˆ©,
cdot,â‹…,
ceqdef,â‰”,
chi,Ï‡,
Chi,Î§,
circ,âˆ˜,
complement,âˆ,
cong,â‰…,
copyright,Â©,
cup,âˆª,
cupdot,âŠ,
d,â…†,
dagger,â€ ,
ddagger,â€¡,
deg,Â°,
degrees,Â°,
delta,Î´,
Delta,Î”,
div,Ã·,
doteq,â‰,
e,â„¯,
E,ğ”¼,
emptyset,âˆ…,
epsilon,Ïµ,
Epsilon,Î•,
eqcolon,âˆ¹,
eqdef,â‰,
equiv,â‰¡,
Equiv,â‰£,
errbar,â§®,
eta,Î·,
Eta,Î—,
Euler,â„‡,
euro,â‚¬,
exists,âˆƒ,
F,ğ”½,
forall,âˆ€,
gamma,Î³,
Gamma,Î“,
geq,â‰¥,
geqq,â‰§,
gg,â‰«,
ggg,â‹™,
H,â„,
ham,â„‹,
Im,â„‘,
imath,â…ˆ,
implies,â‡’,
in,âˆˆ,
incr,âˆ†,
infty,âˆ,
iota,Î¹,
Iota,Î™,
J,ğ•,
jmath,â…‰,
kappa,Îº,
Kappa,Îš,
lag,â„’,
lambda,Î»,
Lambda,Î›,
land,âˆ§,
langle,âŸ¨,
lceil,âŒˆ,
leftarrow,â†,
Leftarrow,â‡,
leftrightarrow,â†”,
Leftrightarrow,â‡”,
leq,â‰¤,
leqq,â‰¦,
lfloor,âŒŠ,
ll,â‰ª,
llangle,âŸª,
llbracket,âŸ¦,
lll,â‹˜,
lor,âˆ¨,
ltimes,â‹‰,
mapsto,â†¦,
mathsterling,Â£,
mathyen,Â¥,
mho,â„§,
mp,âˆ“,
mu,Î¼,
Mu,Îœ,
N,â„•,
nabla,âˆ‡,
napprox,â‰‰,
ncong,â‰‡,
ne,â‰ ,
neg,Â¬,
neq,â‰ ,
nequiv,â‰¢,
nexists,âˆ„,
ngtr,â‰¯,
ni,âˆ‹,
nless,â‰®,
nmid,âˆ¤,
nni,âˆŒ,
notin,âˆ‰,
nsubset,âŠ„,
nsubseteq,âŠˆ,
nsupset,âŠ…,
nsupseteq,âŠ‰,
nu,Î½,
Nu,Î,
O,ğ•†,
odot,â¨€,
omega,Ï‰,
Omega,Î©,
omicron,Î¿,
Omicron,ÎŸ,
ominus,âŠ–,
oplus,âŠ•,
oslash,âŠ˜,
otimes,âŠ—,
P,â„™,
partial,âˆ‚,
phi,Ï•,
Phi,Î¦,
pi,Ï€,
Pi,Î ,
Planckconst,â„,
pm,Â±,
prec,â‰º,
prime,â€²,
propto,âˆ,
psi,Ïˆ,
Psi,Î¨,
Q,â„š,
QED,â– ,
questeq,â‰Ÿ,
R,â„,
rangle,âŸ©,
rceil,âŒ‰,
Re,â„œ,
registered,Â®,
rfloor,âŒ‹,
rho,Ï,
Rho,Î¡,
rightarrow,â†’,
Rightarrow,â‡’,
rightleftarrows,â‡„,
rrangle,âŸ«,
rrbracket,âŸ§,
rtimes,â‹Š,
S,ğ•Š,
second,â€³,
shuffle,â§¢,
sigma,Ïƒ,
Sigma,Î£,
sqcap,âŠ“,
sqcup,âŠ”,
sqsubset,âŠ,
sqsubseteq,âŠ‘,
sqsupset,âŠ,
sqsupseteq,âŠ’,
subset,âŠ‚,
Subset,â‹,
subsetcirc,âŸƒ,
subseteq,âŠ†,
succ,â‰»,
supset,âŠƒ,
supsetcirc,âŸ„,
supseteq,âŠ‡,
T,ğ•‹,
tau,Ï„,
Tau,Î¤,
therefore,âˆ´,
thermod,â§§,
theta,Î¸,
Theta,Î˜,
times,Ã—,
to,â†’,
top,âŠ¤,
triangleq,â‰œ,
U,ğ•Œ,
uplus,âŠ,
upsilon,Ï…,
Upsilon,Î¥,
varepsilon,Îµ,
varkappa,Ï°,
varphi,Ï†,
varpi,Ï–,
varrho,Ï±,
varsigma,Ï‚,
vartheta,Ï‘,
varTheta,Ï´,
vee,âˆ¨,
veebar,âŠ»,
wedge,âˆ§,
wp,â„˜,
wr,â‰€,
xi,Î¾,
Xi,Î,
Z,â„¤,
Zbar,Æµ,
zeta,Î¶,
Zeta,Î–,
